Home_Team,Away_Team,Home_Score,Home_Xg,Home_Penalty,Away_Score,Away_Xg,Away_Penalty,Home_Manager,Home_Captain,Away_Manager,Away_Captain,Attendance,Venue,Officials,Round,Date,Score,Referee,Notes,Host,Year,Home_Goal,Away_Goal,Home_Goal_Long,Away_Goal_Long,Home_Own_Goal,Away_Own_Goal,Home_Penalty_Goal,Away_Penalty_Goal,Home_Penalty_Miss_Long,Away_Penalty_Miss_Long,Home_Penalty_Shootout_Goal_Long,Away_Penalty_Shootout_Goal_Long,Home_Penalty_Shootout_Miss_Long,Away_Penalty_Shootout_Miss_Long,Home_Red_Card,Away_Red_Card,Home_Yellow_Red_Card,Away_Yellow_Red_Card,Home_Yellow_Card_Long,Away_Yellow_Card_Long,Home_Substitute_In_Long,Away_Substitute_In_Long,Result
Argentina,France,3,3.3,4.0,3,2.2,2.0,Lionel Scaloni,Lionel Messi,Didier Deschamps,Hugo Lloris,88966,"Lusail Iconic Stadium, Lusail",Szymon Marciniak (Referee) · Paweł Sokolnicki (AR1) · Tomasz Listkiewicz (AR2) · Ismail Elfath (4th) · Tomasz Kwiatkowski (VAR),Final,2022-12-18,(4) 3–3 (2),Szymon Marciniak,Argentina won on penalty kicks following extra time,Qatar,2022,Ángel Di María · 36|Lionel Messi · 108,Kylian Mbappé · 81,"['36&rsquor;|2:0|Ángel Di María|Assist:|Alexis Mac Allister', '108&rsquor;|3:2|Lionel Messi']",['81&rsquor;|2:2|Kylian Mbappé|Assist:|Marcus Thuram'],,,Lionel Messi (P) · 23,Kylian Mbappé (P) · 80|Kylian Mbappé (P) · 118,,,"['2|1:1|Lionel Messi', '4|2:1|Paulo Dybala', '6|3:1|Leandro Paredes', '8|4:2|Gonzalo Montiel']","['1|0:1|Kylian Mbappé', '7|3:2|Randal Kolo Muani']",,"['3|1:1|Kingsley Coman', '5|2:1|Aurélien Tchouaméni']",,,,,"['45+7&rsquor;|2:0|Enzo Fernández', '90+8&rsquor;|2:2|Marcos Acuña', '114&rsquor;|3:2|Leandro Paredes', '116&rsquor;|3:2|Gonzalo Montiel', '120+4&rsquor;|3:3|Emiliano Martínez']","['55&rsquor;|2:0|Adrien Rabiot', '87&rsquor;|2:2|Marcus Thuram', '90+5&rsquor;|2:2|Olivier Giroud']","['64&rsquor;|2:0|Marcos Acuña|for Ángel Di María', '91&rsquor;|2:2|Gonzalo Montiel|for Nahuel Molina', '102&rsquor;|2:2|Leandro Paredes|for Rodrigo De Paul', '103&rsquor;|2:2|Lautaro Martínez|for Julián Álvarez', '116&rsquor;|3:2|Germán Pezzella|for Alexis Mac Allister', '120+1&rsquor;|3:3|Paulo Dybala|for Nicolás Tagliafico']","['41&rsquor;|2:0|Randal Kolo Muani|for Ousmane Dembélé', '41&rsquor;|2:0|Marcus Thuram|for Olivier Giroud', '71&rsquor;|2:0|Eduardo Camavinga|for Theo Hernández', '71&rsquor;|2:0|Kingsley Coman|for Antoine Griezmann', '96&rsquor;|2:2|Youssouf Fofana|for Adrien Rabiot', '113&rsquor;|3:2|Ibrahima Konaté|for Raphaël Varane', '120+1&rsquor;|3:3|Axel Disasi|for Jules Koundé']",Draw
Croatia,Morocco,2,0.7,,1,1.2,,Zlatko Dalić,Luka Modrić,Hoalid Regragui,Hakim Ziyech,44137,"Khalifa International Stadium, Doha",Abdulrahman Ibrahim Al Jassim (Referee) · Taleb Salem Al Marri (AR1) · Saoud Ahmed Al Maqaleh (AR2) · Raphael Claus (4th) · Julio Bascuñán (VAR),Third-place match,2022-12-17,2–1,Abdulrahman Ibrahim Al Jassim,,Qatar,2022,Joško Gvardiol · 7|Mislav Oršić · 42,Achraf Dari · 9,"['7&rsquor;|1:0|Joško Gvardiol|Assist:|Ivan Perišić', '42&rsquor;|2:1|Mislav Oršić|Assist:|Marko Livaja']",['9&rsquor;|1:1|Achraf Dari'],,,,,,,,,,,,,,,,"['69&rsquor;|2:1|Azzedine Ounahi', '84&rsquor;|2:1|Selim Amallah']","['61&rsquor;|2:1|Nikola Vlašić|for Andrej Kramarić', '66&rsquor;|2:1|Bruno Petković|for Marko Livaja', '66&rsquor;|2:1|Mario Pašalić|for Lovro Majer', '90+5&rsquor;|2:1|Kristijan Jakić|for Mislav Oršić']","['46&rsquor;|2:1|Ilias Chair|for Abdelhamid Sabiri', '56&rsquor;|2:1|Azzedine Ounahi|for Bilal El Khannous', '64&rsquor;|2:1|Anass Zaroury|for Sofiane Boufal', '64&rsquor;|2:1|Badr Banoun|for Achraf Dari', '66&rsquor;|2:1|Selim Amallah|for Jawad El Yamiq']",Home Win
France,Morocco,2,2.0,,0,0.9,,Didier Deschamps,Hugo Lloris,Hoalid Regragui,Romain Saïss,68294,"Al Bayt Stadium, Al Khor",César Arturo Ramos (Referee) · Alberto Morín (AR1) · Miguel Ángel Hernández (AR2) · Jesús Valenzuela (4th) · Drew Fischer (VAR),Semi-finals,2022-12-14,2–0,César Arturo Ramos,,Qatar,2022,Theo Hernández · 5|Randal Kolo Muani · 79,,"['5&rsquor;|1:0|Theo Hernández', '79&rsquor;|2:0|Randal Kolo Muani']",,,,,,,,,,,,,,,,,['27&rsquor;|1:0|Sofiane Boufal'],"['65&rsquor;|1:0|Marcus Thuram|for Olivier Giroud', '79&rsquor;|1:0|Randal Kolo Muani|for Ousmane Dembélé']","['21&rsquor;|1:0|Selim Amallah|for Romain Saïss', '46&rsquor;|1:0|Yahya Attiat Allah|for Noussair Mazraoui', '66&rsquor;|1:0|Abderrazak Hamdallah|for Youssef En-Nesyri', '66&rsquor;|1:0|Zakaria Aboukhlal|for Sofiane Boufal', '78&rsquor;|1:0|Abdessamad Ezzalzouli|for Selim Amallah']",Home Win
Argentina,Croatia,3,2.3,,0,0.5,,Lionel Scaloni,Lionel Messi,Zlatko Dalić,Luka Modrić,88966,"Lusail Iconic Stadium, Lusail",Daniele Orsato (Referee) · Ciro Carbone (AR1) · Alessandro Giallatini (AR2) · Mohammed Abdulla Hassan (4th) · Massimiliano Irrati (VAR),Semi-finals,2022-12-13,3–0,Daniele Orsato,,Qatar,2022,Julián Álvarez · 39|Julián Álvarez · 69,,"['39&rsquor;|2:0|Julián Álvarez', '69&rsquor;|3:0|Julián Álvarez|Assist:|Lionel Messi']",,,,Lionel Messi (P) · 34,,,,,,,,,,,,"['68&rsquor;|2:0|Cristian Romero', '71&rsquor;|3:0|Nicolás Otamendi']","['32&rsquor;|0:0|Mateo Kovačić', '32&rsquor;|0:0|Dominik Livaković']","['62&rsquor;|2:0|Lisandro Martínez|for Leandro Paredes', '74&rsquor;|3:0|Exequiel Palacios|for Rodrigo De Paul', '74&rsquor;|3:0|Paulo Dybala|for Julián Álvarez', '86&rsquor;|3:0|Ángel Correa|for Alexis Mac Allister', '86&rsquor;|3:0|Juan Foyth|for Nahuel Molina']","['46&rsquor;|2:0|Mislav Oršić|for Borna Sosa', '46&rsquor;|2:0|Nikola Vlašić|for Mario Pašalić', '50&rsquor;|2:0|Bruno Petković|for Marcelo Brozović', '72&rsquor;|3:0|Marko Livaja|for Andrej Kramarić', '81&rsquor;|3:0|Lovro Majer|for Luka Modrić']",Home Win
Morocco,Portugal,1,1.4,,0,0.9,,Hoalid Regragui,Romain Saïss,Fernando Santos,Pepe,44198,"Al Thumama Stadium, Ath-Thumāma",Facundo Tello (Referee) · Ezequiel Brailovsky (AR1) · Gabriel Chade (AR2) · Iván Barton (4th) · Mauro Vigliano (VAR),Quarter-finals,2022-12-10,1–0,Facundo Tello,,Qatar,2022,Youssef En-Nesyri · 42,,['42&rsquor;|1:0|Youssef En-Nesyri|Assist:|Yahya Attiat Allah'],,,,,,,,,,,,,,Walid Cheddira · 90+3,,"['70&rsquor;|1:0|Achraf Dari', '90+1&rsquor;|1:0|Walid Cheddira']",['87&rsquor;|1:0|Vitinha'],"['57&rsquor;|1:0|Achraf Dari|for Romain Saïss', '65&rsquor;|1:0|Walid Cheddira|for Selim Amallah', '65&rsquor;|1:0|Badr Banoun|for Youssef En-Nesyri', '81&rsquor;|1:0|Zakaria Aboukhlal|for Hakim Ziyech', '82&rsquor;|1:0|Yahya Jabrane|for Sofiane Boufal']","['51&rsquor;|1:0|João Cancelo|for Raphaël Guerreiro', '51&rsquor;|1:0|Cristiano Ronaldo|for Rúben Neves', '69&rsquor;|1:0|Vitinha|for Otávio', '69&rsquor;|1:0|Rafael Leão|for Gonçalo Ramos', '79&rsquor;|1:0|Ricardo Horta|for Diogo Dalot']",Home Win
England,France,1,2.4,,2,0.9,,Gareth Southgate,Harry Kane,Didier Deschamps,Hugo Lloris,68895,"Al Bayt Stadium, Al Khor",Wilton Sampaio (Referee) · Bruno Boschilia (AR1) · Bruno Pires (AR2) · Mohammed Abdulla Hassan (4th) · Nicolás Gallo (VAR),Quarter-finals,2022-12-10,1–2,Wilton Sampaio,,Qatar,2022,,Aurélien Tchouaméni · 17|Olivier Giroud · 78,,"['17&rsquor;|0:1|Aurélien Tchouaméni|Assist:|Antoine Griezmann', '78&rsquor;|1:2|Olivier Giroud|Assist:|Antoine Griezmann']",,,Harry Kane (P) · 54,,['84&rsquor;|1:2|Harry Kane|Penalty Miss'],,,,,,,,,,['90&rsquor;|1:2|Harry Maguire'],"['43&rsquor;|0:1|Antoine Griezmann', '47&rsquor;|0:1|Ousmane Dembélé', '82&rsquor;|1:2|Theo Hernández']","['79&rsquor;|1:2|Raheem Sterling|for Bukayo Saka', '79&rsquor;|1:2|Mason Mount|for Jordan Henderson', '85&rsquor;|1:2|Marcus Rashford|for Phil Foden', '90+8&rsquor;|1:2|Jack Grealish|for John Stones']",['79&rsquor;|1:2|Kingsley Coman|for Ousmane Dembélé'],Away Win
Croatia,Brazil,1,0.6,4.0,1,2.5,2.0,Zlatko Dalić,Luka Modrić,Tite,Thiago Silva,43893,"Education City Stadium, Doha",Michael Oliver (Referee) · Stuart Burt (AR1) · Gary Beswick (AR2) · Mustapha Ghorbal (4th) · Pol van Boekel (VAR),Quarter-finals,2022-12-09,(4) 1–1 (2),Michael Oliver,Croatia won on penalty kicks following extra time,Qatar,2022,Bruno Petković · 117,Neymar · 105+1,['117&rsquor;|1:1|Bruno Petković|Assist:|Mislav Oršić'],['105+1&rsquor;|0:1|Neymar|Assist:|Lucas Paquetá'],,,,,,,"['1|1:0|Nikola Vlašić', '3|2:0|Lovro Majer', '5|3:1|Luka Modrić', '7|4:2|Mislav Oršić']","['4|2:1|Casemiro', '6|3:2|Pedro']",,"['2|1:0|Rodrygo', '8|4:2|Marquinhos']",,,,,"['31&rsquor;|0:0|Marcelo Brozović', '117&rsquor;|1:1|Bruno Petković']","['25&rsquor;|0:0|Danilo', '68&rsquor;|0:0|Casemiro', '77&rsquor;|0:0|Marquinhos']","['72&rsquor;|0:0|Nikola Vlašić|for Mario Pašalić', '72&rsquor;|0:0|Bruno Petković|for Andrej Kramarić', '106&rsquor;|0:1|Lovro Majer|for Mateo Kovačić', '110&rsquor;|0:1|Ante Budimir|for Borna Sosa', '114&rsquor;|0:1|Mislav Oršić|for Marcelo Brozović']","['56&rsquor;|0:0|Antony|for Raphinha', '64&rsquor;|0:0|Rodrygo|for Vinicius Júnior', '84&rsquor;|0:0|Pedro|for Richarlison', '106&rsquor;|0:1|Alex Sandro|for Éder Militão', '106&rsquor;|0:1|Fred|for Lucas Paquetá']",Draw
Netherlands,Argentina,2,0.6,3.0,2,1.9,4.0,Louis van Gaal,Virgil van Dijk,Lionel Scaloni,Lionel Messi,88235,"Lusail Iconic Stadium, Lusail",Antonio Matéu (Referee) · Pau Cebrián (AR1) · Roberto Díaz (AR2) · Victor Gomes (4th) · Alejandro Hernández (VAR),Quarter-finals,2022-12-09,(3) 2–2 (4),Antonio Matéu,Argentina won on penalty kicks following extra time,Qatar,2022,Wout Weghorst · 83|Wout Weghorst · 90+11,Nahuel Molina · 35,"['83&rsquor;|1:2|Wout Weghorst|Assist:|Steven Berghuis', '90+11&rsquor;|2:2|Wout Weghorst|Assist:|Teun Koopmeiners']",['35&rsquor;|0:1|Nahuel Molina|Assist:|Lionel Messi'],,,,Lionel Messi (P) · 73,,,"['5|1:2|Teun Koopmeiners', '7|2:3|Wout Weghorst', '9|3:3|Luuk de Jong']","['2|0:1|Lionel Messi', '4|0:2|Leandro Paredes', '6|1:3|Gonzalo Montiel', '10|3:4|Lautaro Martínez']","['1|0:0|Virgil van Dijk', '3|0:1|Steven Berghuis']",['8|2:3|Enzo Fernández'],,,Denzel Dumfries · 120+3,,"['43&rsquor;|0:1|Jurriën Timber', '45+2&rsquor;|0:1|Wout Weghorst', '75&rsquor;|0:2|Memphis', '88&rsquor;|1:2|Steven Berghuis', '90+12&rsquor;|2:2|Steven Bergwijn', '120+2&rsquor;|2:2|Noa Lang', '120+2&rsquor;|2:2|Denzel Dumfries']","['31&rsquor;|0:0|Walter Samuel', '43&rsquor;|0:1|Marcos Acuña', '45&rsquor;|0:1|Cristian Romero', '75&rsquor;|0:2|Lisandro Martínez', '89&rsquor;|1:2|Leandro Paredes', '90&rsquor;|1:2|Lionel Scaloni', '90+10&rsquor;|1:2|Lionel Messi', '90+12&rsquor;|2:2|Nicolás Otamendi', '109&rsquor;|2:2|Gonzalo Montiel', '112&rsquor;|2:2|Germán Pezzella']","['46&rsquor;|0:1|Steven Berghuis|for Steven Bergwijn', '46&rsquor;|0:1|Teun Koopmeiners|for Marten de Roon', '64&rsquor;|0:1|Luuk de Jong|for Daley Blind', '78&rsquor;|0:2|Wout Weghorst|for Memphis', '113&rsquor;|2:2|Noa Lang|for Cody Gakpo']","['66&rsquor;|0:1|Leandro Paredes|for Rodrigo De Paul', '78&rsquor;|0:2|Nicolás Tagliafico|for Marcos Acuña', '78&rsquor;|0:2|Germán Pezzella|for Cristian Romero', '82&rsquor;|0:2|Lautaro Martínez|for Julián Álvarez', '106&rsquor;|2:2|Gonzalo Montiel|for Nahuel Molina', '112&rsquor;|2:2|Ángel Di María|for Lisandro Martínez']",Draw
Morocco,Spain,0,0.7,3.0,0,1.0,0.0,Hoalid Regragui,Romain Saïss,Luis Enrique,Sergio Busquets,44667,"Education City Stadium, Doha",Fernando Rapallini (Referee) · Juan Pablo Belatti (AR1) · Diego Bonfá (AR2) · Raphael Claus (4th) · Mauro Vigliano (VAR),Round of 16,2022-12-06,(3) 0–0 (0),Fernando Rapallini,Morocco won on penalty kicks following extra time,Qatar,2022,,,,,,,,,,,"['1|1:0|Abdelhamid Sabiri', '3|2:0|Hakim Ziyech', '7|3:0|Achraf Hakimi']",,['5|2:0|Badr Banoun'],"['2|1:0|Pablo Sarabia', '4|2:0|Carlos Soler', '6|2:0|Sergio Busquets']",,,,,['90&rsquor;|0:0|Romain Saïss'],['77&rsquor;|0:0|Aymeric Laporte'],"['66&rsquor;|0:0|Abdessamad Ezzalzouli|for Sofiane Boufal', '82&rsquor;|0:0|Walid Cheddira|for Selim Amallah', '82&rsquor;|0:0|Abdelhamid Sabiri|for Youssef En-Nesyri', '82&rsquor;|0:0|Yahya Attiat Allah|for Noussair Mazraoui', '84&rsquor;|0:0|Jawad El Yamiq|for Nayef Aguerd', '120&rsquor;|0:0|Badr Banoun|for Azzedine Ounahi']","['63&rsquor;|0:0|Álvaro Morata|for Marco Asensio', '63&rsquor;|0:0|Carlos Soler|for Gavi', '75&rsquor;|0:0|Nico Williams|for Ferrán Torres', '98&rsquor;|0:0|Ansu Fati|for Dani Olmo', '98&rsquor;|0:0|Alejandro Balde|for Jordi Alba', '118&rsquor;|0:0|Pablo Sarabia|for Nico Williams']",Draw
Portugal,Switzerland,6,2.3,,1,1.2,,Fernando Santos,Pepe,Murat Yakin,Granit Xhaka,83720,"Lusail Iconic Stadium, Lusail",César Arturo Ramos (Referee) · Alberto Morín (AR1) · Miguel Ángel Hernández (AR2) · István Kovács (4th) · Drew Fischer (VAR),Round of 16,2022-12-06,6–1,César Arturo Ramos,,Qatar,2022,Gonçalo Ramos · 17|Pepe · 33|Gonçalo Ramos · 51|Raphaël Guerreiro · 55|Gonçalo Ramos · 67|Rafael Leão · 90+2,Manuel Akanji · 58,"['17&rsquor;|1:0|Gonçalo Ramos|Assist:|João Félix', '33&rsquor;|2:0|Pepe|Assist:|Bruno Fernandes', '51&rsquor;|3:0|Gonçalo Ramos|Assist:|Diogo Dalot', '55&rsquor;|4:0|Raphaël Guerreiro|Assist:|Gonçalo Ramos', '67&rsquor;|5:1|Gonçalo Ramos|Assist:|João Félix', '90+2&rsquor;|6:1|Rafael Leão|Assist:|Raphaël Guerreiro']",['58&rsquor;|4:1|Manuel Akanji'],,,,,,,,,,,,,,,,"['43&rsquor;|2:0|Fabian Schär', '59&rsquor;|4:1|Eray Cömert']","['73&rsquor;|5:1|Cristiano Ronaldo|for Gonçalo Ramos', '74&rsquor;|5:1|Ricardo Horta|for João Félix', '74&rsquor;|5:1|Vitinha|for Otávio', '81&rsquor;|5:1|Rúben Neves|for Bernardo Silva', '87&rsquor;|5:1|Rafael Leão|for Bruno Fernandes']","['46&rsquor;|2:0|Eray Cömert|for Fabian Schär', '54&rsquor;|3:0|Denis Zakaria|for Remo Freuler', '54&rsquor;|3:0|Haris Seferović|for Djibril Sow', '66&rsquor;|4:1|Noah Okafor|for Ruben Vargas', '89&rsquor;|5:1|Ardon Jasari|for Breel Embolo']",Home Win
Japan,Croatia,1,1.2,1.0,1,1.4,3.0,Hajime Moriyasu,Maya Yoshida,Zlatko Dalić,Luka Modrić,42523,"Al Janoub Stadium, Al Wakrah",Ismail Elfath (Referee) · Corey Parker (AR1) · Kyle Atkins (AR2) · Mustapha Ghorbal (4th) · Nicolás Gallo (VAR),Round of 16,2022-12-05,(1) 1–1 (3),Ismail Elfath,Croatia won on penalty kicks following extra time,Qatar,2022,Daizen Maeda · 43,Ivan Perišić · 55,['43&rsquor;|1:0|Daizen Maeda|Assist:|Maya Yoshida'],['55&rsquor;|1:1|Ivan Perišić|Assist:|Dejan Lovren'],,,,,,,['5|1:2|Takuma Asano'],"['2|0:1|Nikola Vlašić', '4|0:2|Marcelo Brozović', '8|1:3|Mario Pašalić']","['1|0:0|Takumi Minamino', '3|0:1|Kaoru Mitoma', '7|1:2|Maya Yoshida']",['6|1:2|Marko Livaja'],,,,,,"['90&rsquor;|1:1|Mateo Kovačić', '116&rsquor;|1:1|Borna Barišić']","['64&rsquor;|1:1|Takuma Asano|for Daizen Maeda', '64&rsquor;|1:1|Kaoru Mitoma|for Yuto Nagatomo', '75&rsquor;|1:1|Hiroki Sakai|for Daichi Kamada', '87&rsquor;|1:1|Takumi Minamino|for Ritsu Doan', '106&rsquor;|1:1|Ao Tanaka|for Hidemasa Morita']","['62&rsquor;|1:1|Ante Budimir|for Bruno Petković', '68&rsquor;|1:1|Mario Pašalić|for Andrej Kramarić', '99&rsquor;|1:1|Nikola Vlašić|for Mateo Kovačić', '99&rsquor;|1:1|Lovro Majer|for Luka Modrić', '106&rsquor;|1:1|Marko Livaja|for Ante Budimir', '106&rsquor;|1:1|Mislav Oršić|for Ivan Perišić']",Draw
Brazil,Korea Republic,4,3.6,,1,0.5,,Tite,Thiago Silva,Paulo Bento,Son Heung-min,43847,"Stadium 974, Doha",Clément Turpin (Referee) · Nicolas Danos (AR1) · Cyril Gringore (AR2) · Slavko Vinčič (4th) · Jérôme Brisard (VAR),Round of 16,2022-12-05,4–1,Clément Turpin,,Qatar,2022,Vinicius Júnior · 7|Richarlison · 29|Lucas Paquetá · 36,Paik Seung-ho · 76,"['7&rsquor;|1:0|Vinicius Júnior|Assist:|Raphinha', '29&rsquor;|3:0|Richarlison|Assist:|Thiago Silva', '36&rsquor;|4:0|Lucas Paquetá|Assist:|Vinicius Júnior']",['76&rsquor;|4:1|Paik Seung-ho'],,,Neymar (P) · 11,,,,,,,,,,,,,['44&rsquor;|4:0|Jung Woo-young'],"['63&rsquor;|4:0|Dani Alves|for Éder Militão', '72&rsquor;|4:0|Gleison Bremer|for Danilo', '72&rsquor;|4:0|Martinelli|for Vinicius Júnior', '80&rsquor;|4:1|Wéverton|for Alisson', '81&rsquor;|4:1|Rodrygo|for Neymar']","['46&rsquor;|4:0|Hong Chul|for Kim Jin-su', '46&rsquor;|4:0|Son Jun-ho|for Jung Woo-young', '65&rsquor;|4:0|Paik Seung-ho|for Hwang In-beom', '74&rsquor;|4:0|Lee Kangin|for Lee Jae-sung', '80&rsquor;|4:1|Hwang Ui-jo|for Cho Guesung']",Home Win
France,Poland,3,1.4,,1,1.7,,Didier Deschamps,Hugo Lloris,Czesław Michniewicz,Robert Lewandowski,40989,"Al Thumama Stadium, Ath-Thumāma",Jesús Valenzuela (Referee) · Jorge Urrego (AR1) · Tulio Moreno (AR2) · Kevin Ortega (4th) · Juan Soto (VAR),Round of 16,2022-12-04,3–1,Jesús Valenzuela,,Qatar,2022,Olivier Giroud · 44|Kylian Mbappé · 74|Kylian Mbappé · 90+1,,"['44&rsquor;|1:0|Olivier Giroud|Assist:|Kylian Mbappé', '74&rsquor;|2:0|Kylian Mbappé|Assist:|Ousmane Dembélé', '90+1&rsquor;|3:0|Kylian Mbappé|Assist:|Marcus Thuram']",,,,,Robert Lewandowski (P) · 90+9,,,,,,,,,,,['32&rsquor;|0:0|Aurélien Tchouaméni'],"['47&rsquor;|1:0|Bartosz Bereszyński', '88&rsquor;|2:0|Matty Cash']","['66&rsquor;|1:0|Youssouf Fofana|for Aurélien Tchouaméni', '76&rsquor;|2:0|Kingsley Coman|for Ousmane Dembélé', '76&rsquor;|2:0|Marcus Thuram|for Olivier Giroud', '90+2&rsquor;|3:0|Axel Disasi|for Jules Koundé']","['64&rsquor;|1:0|Arkadiusz Milik|for Sebastian Szymański', '71&rsquor;|1:0|Nicola Zalewski|for Jakub Kamiński', '71&rsquor;|1:0|Krystian Bielik|for Grzegorz Krychowiak', '86&rsquor;|2:0|Jan Bednarek|for Jakub Kiwior', '87&rsquor;|2:0|Kamil Grosicki|for Przemysław Frankowski']",Home Win
England,Senegal,3,1.0,,0,0.8,,Gareth Southgate,Harry Kane,Aliou Cissé,Kalidou Koulibaly,65985,"Al Bayt Stadium, Al Khor",Iván Barton (Referee) · David Morán (AR1) · Kathryn Nesbitt (AR2) · Said Martínez (4th) · Drew Fischer (VAR),Round of 16,2022-12-04,3–0,Iván Barton,,Qatar,2022,Jordan Henderson · 39|Harry Kane · 45+3|Bukayo Saka · 57,,"['39&rsquor;|1:0|Jordan Henderson|Assist:|Jude Bellingham', '45+3&rsquor;|2:0|Harry Kane|Assist:|Phil Foden', '57&rsquor;|3:0|Bukayo Saka|Assist:|Phil Foden']",,,,,,,,,,,,,,,,,['76&rsquor;|3:0|Kalidou Koulibaly'],"['65&rsquor;|3:0|Jack Grealish|for Phil Foden', '65&rsquor;|3:0|Marcus Rashford|for Bukayo Saka', '76&rsquor;|3:0|Eric Dier|for John Stones', '77&rsquor;|3:0|Mason Mount|for Jude Bellingham', '82&rsquor;|3:0|Kalvin Phillips|for Jordan Henderson']","['46&rsquor;|2:0|Pape Matar Sarr|for Krépin Diatta', '46&rsquor;|2:0|Pape Gueye|for Pathé Ciss', '46&rsquor;|2:0|Bamba Dieng|for Iliman Ndiaye', '72&rsquor;|3:0|Famara Diedhiou|for Boulaye Dia', '84&rsquor;|3:0|Fodé Ballo-Touré|for Ismail Jakobs']",Home Win
Netherlands,United States,3,1.7,,1,1.5,,Louis van Gaal,Virgil van Dijk,Gregg Berhalter,Tyler Adams,44846,"Khalifa International Stadium, Doha",Wilton Sampaio (Referee) · Bruno Boschilia (AR1) · Bruno Pires (AR2) · Andrés Matonte (4th) · Nicolás Gallo (VAR),Round of 16,2022-12-03,3–1,Wilton Sampaio,,Qatar,2022,Memphis · 10|Daley Blind · 45+1|Denzel Dumfries · 81,Haji Wright · 76,"['10&rsquor;|1:0|Memphis|Assist:|Denzel Dumfries', '45+1&rsquor;|2:0|Daley Blind|Assist:|Denzel Dumfries', '81&rsquor;|3:1|Denzel Dumfries|Assist:|Daley Blind']",['76&rsquor;|2:1|Haji Wright|Assist:|Christian Pulisic'],,,,,,,,,,,,,,,"['60&rsquor;|2:0|Teun Koopmeiners', '87&rsquor;|3:1|Frenkie de Jong']",,"['46&rsquor;|2:0|Teun Koopmeiners|for Davy Klaassen', '46&rsquor;|2:0|Steven Bergwijn|for Marten de Roon', '82&rsquor;|3:1|Xavi Simons|for Memphis', '90+3&rsquor;|3:1|Matthijs de Ligt|for Nathan Aké', '90+4&rsquor;|3:1|Wout Weghorst|for Cody Gakpo']","['46&rsquor;|2:0|Gio Reyna|for Jesús Ferreira', '67&rsquor;|2:0|Brenden Aaronson|for Timothy Weah', '67&rsquor;|2:0|Haji Wright|for Weston McKennie', '75&rsquor;|2:0|DeAndre Yedlin|for Sergiño Dest', '90+2&rsquor;|3:1|Jordan Morris|for Antonee Robinson']",Home Win
Argentina,Australia,2,1.6,,1,0.6,,Lionel Scaloni,Lionel Messi,Graham Arnold,Mathew Ryan,45032,"Ahmed Bin Ali Stadium, Umm Al-Afā'Ī",Szymon Marciniak (Referee) · Paweł Sokolnicki (AR1) · Tomasz Listkiewicz (AR2) · Mario Escobar (4th) · Tomasz Kwiatkowski (VAR),Round of 16,2022-12-03,2–1,Szymon Marciniak,,Qatar,2022,Lionel Messi · 35|Julián Álvarez · 57,,"['35&rsquor;|1:0|Lionel Messi|Assist:|Nicolás Otamendi', '57&rsquor;|2:0|Julián Álvarez']",,,Enzo Fernández (OG) · 77,,,,,,,,,,,,,,"['15&rsquor;|0:0|Jackson Irvine', '38&rsquor;|1:0|Miloš Degenek']","['50&rsquor;|1:0|Lisandro Martínez|for Papu Gómez', '71&rsquor;|2:0|Lautaro Martínez|for Julián Álvarez', '72&rsquor;|2:0|Nicolás Tagliafico|for Marcos Acuña', '80&rsquor;|2:1|Exequiel Palacios|for Nahuel Molina', '80&rsquor;|2:1|Gonzalo Montiel|for Alexis Mac Allister']","['58&rsquor;|2:0|Craig Goodwin|for Riley McGree', '58&rsquor;|2:0|Ajdin Hrustic|for Keanu Baccus', '72&rsquor;|2:0|Jamie Maclaren|for Mitchell Duke', '72&rsquor;|2:0|Fran Karačić|for Miloš Degenek', '72&rsquor;|2:0|Garang Kuol|for Mathew Leckie']",Home Win
Korea Republic,Portugal,2,1.7,,1,1.3,,Sérgio Costa,Son Heung-min,Fernando Santos,Cristiano Ronaldo,44097,"Education City Stadium, Doha",Facundo Tello (Referee) · Ezequiel Brailovsky (AR1) · Gabriel Chade (AR2) · Maguette Ndiaye (4th) · Nicolás Gallo (VAR),Group stage,2022-12-02,2–1,Facundo Tello,,Qatar,2022,Kim Young-gwon · 27|Hwang Hee-chan · 90+1,Ricardo Horta · 5,"['27&rsquor;|1:1|Kim Young-gwon', '90+1&rsquor;|2:1|Hwang Hee-chan|Assist:|Son Heung-min']",['5&rsquor;|0:1|Ricardo Horta|Assist:|Diogo Dalot'],,,,,,,,,,,,,,,"['36&rsquor;|1:1|Lee Kangin', '90+2&rsquor;|2:1|Hwang Hee-chan']",,"['66&rsquor;|1:1|Hwang Hee-chan|for Lee Jae-sung', '81&rsquor;|1:1|Son Jun-ho|for Kim Young-gwon', '81&rsquor;|1:1|Hwang Ui-jo|for Lee Kangin', '90+3&rsquor;|2:1|Cho Yumin|for Cho Guesung']","['65&rsquor;|1:1|João Palhinha|for Matheus Nunes', '65&rsquor;|1:1|Rafael Leão|for Rúben Neves', '65&rsquor;|1:1|André Silva|for Cristiano Ronaldo', '82&rsquor;|1:1|Bernardo Silva|for João Mário', '82&rsquor;|1:1|William Carvalho|for Vitinha']",Home Win
Ghana,Uruguay,0,1.6,,2,1.8,,Otto Addo,André Ayew,Diego Alonso,Luis Suárez,43443,"Al Janoub Stadium, Al Wakrah",Daniel Siebert (Referee) · Jan Seidel (AR1) · Rafael Foltyn (AR2) · Yoshimi Yamashita (4th) · Bastian Dankert (VAR),Group stage,2022-12-02,0–2,Daniel Siebert,,Qatar,2022,,Giorgian De Arrascaeta · 26|Giorgian De Arrascaeta · 32,,"['26&rsquor;|0:1|Giorgian De Arrascaeta', '32&rsquor;|0:2|Giorgian De Arrascaeta|Assist:|Luis Suárez']",,,,,['21&rsquor;|0:0|André Ayew|Penalty saved by Sergio Rochet'],,,,,,,,,,"['86&rsquor;|0:2|Kamaldeen Sulemana', '90+9&rsquor;|0:2|Alidu Seidu']","['19&rsquor;|0:0|Darwin Núñez', '60&rsquor;|0:2|Luis Suárez', '87&rsquor;|0:2|Sebastián Coates', '90+10&rsquor;|0:2|Edinson Cavani', '90+10&rsquor;|0:2|José María Giménez']","['46&rsquor;|0:2|Kamaldeen Sulemana|for Jordan Ayew', '46&rsquor;|0:2|Osman Bukari|for André Ayew', '72&rsquor;|0:2|Antoine Semenyo|for Daniel Amartey', '72&rsquor;|0:2|Daniel Kyereh|for Salis Abdul Samed', '90+8&rsquor;|0:2|Abdul Fatawu Issahaku|for Kudus Mohammed']","['34&rsquor;|0:2|Matías Vecino|for Rodrigo Bentancur', '66&rsquor;|0:2|Edinson Cavani|for Luis Suárez', '66&rsquor;|0:2|Nicolás De La Cruz|for Facundo Pellistri', '80&rsquor;|0:2|Maxi Gómez|for Darwin Núñez', '80&rsquor;|0:2|Agustín Canobbio|for Giorgian De Arrascaeta']",Away Win
Cameroon,Brazil,1,0.5,,0,2.5,,Rigobert Song,Vincent Aboubakar,Tite,Dani Alves,85986,"Lusail Iconic Stadium, Lusail",Ismail Elfath (Referee) · Kyle Atkins (AR1) · Corey Parker (AR2) · Ma Ning (4th) · Alejandro Hernández (VAR),Group stage,2022-12-02,1–0,Ismail Elfath,,Qatar,2022,Vincent Aboubakar · 90+2,,['90+2&rsquor;|1:0|Vincent Aboubakar|Assist:|Andre-Frank Zambo Anguissa'],,,,,,,,,,,,,,Vincent Aboubakar · 90+3,,"['6&rsquor;|0:0|Nouhou Tolo', '28&rsquor;|0:0|Pierre Kunde', '33&rsquor;|0:0|Collins Fai', '81&rsquor;|0:0|Vincent Aboubakar']","['7&rsquor;|0:0|Éder Militão', '85&rsquor;|0:0|Bruno Guimarães']","['64&rsquor;|0:0|Karl Toko Ekambi|for Bryan Mbeumo', '66&rsquor;|0:0|Olivier Ntcham|for Pierre Kunde', '86&rsquor;|0:0|Jerome Ngom Mbekeli|for Moumi Ngamaleu']","['55&rsquor;|0:0|Everton Ribeiro|for Rodrygo', '55&rsquor;|0:0|Marquinhos|for Alex Telles', '55&rsquor;|0:0|Bruno Guimarães|for Fred', '64&rsquor;|0:0|Pedro|for Gabriel Jesus', '79&rsquor;|0:0|Raphinha|for Antony']",Home Win
Serbia,Switzerland,2,1.3,,3,2.7,,Dragan Stojković,Dušan Tadić,Murat Yakin,Granit Xhaka,41378,"Stadium 974, Doha",Fernando Rapallini (Referee) · Juan Pablo Belatti (AR1) · Diego Bonfá (AR2) · Kevin Ortega (4th) · Mauro Vigliano (VAR),Group stage,2022-12-02,2–3,Fernando Rapallini,,Qatar,2022,Aleksandar Mitrović · 26|Dušan Vlahović · 35,Xherdan Shaqiri · 20|Breel Embolo · 44|Remo Freuler · 48,"['26&rsquor;|1:1|Aleksandar Mitrović|Assist:|Dušan Tadić', '35&rsquor;|2:1|Dušan Vlahović']","['20&rsquor;|0:1|Xherdan Shaqiri|Assist:|Djibril Sow', '44&rsquor;|2:2|Breel Embolo|Assist:|Silvan Widmer', '48&rsquor;|2:3|Remo Freuler|Assist:|Ruben Vargas']",,,,,,,,,,,,,,,"['47&rsquor;|2:2|Sergej Milinković-Savić', '56&rsquor;|2:3|Strahinja Pavlović', '66&rsquor;|2:3|Predrag Rajković', '81&rsquor;|2:3|Nemanja Gudelj', '82&rsquor;|2:3|Aleksandar Mitrović', '90+5&rsquor;|2:3|Nikola Milenković', '90+10&rsquor;|2:3|Saša Lukić']","['15&rsquor;|0:0|Silvan Widmer', '34&rsquor;|1:1|Ruben Vargas', '90+5&rsquor;|2:3|Granit Xhaka', '90+9&rsquor;|2:3|Fabian Schär']","['55&rsquor;|2:3|Nemanja Gudelj|for Miloš Veljković', '55&rsquor;|2:3|Luka Jović|for Dušan Vlahović', '67&rsquor;|2:3|Nemanja Maksimović|for Sergej Milinković-Savić', '78&rsquor;|2:3|Filip Đuričić|for Dušan Tadić', '78&rsquor;|2:3|Nemanja Radonjić|for Andrija Živković']","['68&rsquor;|2:3|Edimilson Fernandes|for Djibril Sow', '69&rsquor;|2:3|Denis Zakaria|for Xherdan Shaqiri', '83&rsquor;|2:3|Christian Fassnacht|for Ruben Vargas', '90+6&rsquor;|2:3|Noah Okafor|for Breel Embolo']",Away Win
